{
  "n": 256,
  "bs": 64,
  "epochs": 1,
  "lr": 0.1,
  "momentum": 0.9,
  "weight_decay": 0.0001,
  "seed": 42,
  "step_interval": 2,
  "ag": {
    "loss_before": 2.473334491252899,
    "acc_before": 0.06640625,
    "loss_after": 2.2176137566566467,
    "acc_after": 0.21484375,
    "time_s": 13.60192584991455,
    "records": [
      {
        "step": 2,
        "loss": 2.434871196746826,
        "acc": 0.09375,
        "time_s": 6.849232912063599,
        "rss_mb": 594.203125,
        "nodes": 42
      },
      {
        "step": 4,
        "loss": 2.3060455322265625,
        "acc": 0.109375,
        "time_s": 13.60167384147644,
        "rss_mb": 594.203125,
        "nodes": 42
      }
    ],
    "epoch_summaries": [
      {
        "epoch": 1,
        "loss": 2.559203803539276,
        "acc": 0.09375,
        "time_s": 13.601877927780151
      }
    ]
  },
  "torch": {
    "loss_before": 2.313299298286438,
    "acc_before": 0.09765625,
    "loss_after": 2.2999550104141235,
    "acc_after": 0.13671875,
    "time_s": 0.737440824508667,
    "records": [
      {
        "step": 2,
        "loss": 2.3534958362579346,
        "acc": 0.0625,
        "time_s": 0.38650012016296387,
        "rss_mb": 602.765625,
        "nodes": -1
      },
      {
        "step": 4,
        "loss": 2.1435985565185547,
        "acc": 0.25,
        "time_s": 0.7371828556060791,
        "rss_mb": 617.09375,
        "nodes": -1
      }
    ],
    "epoch_summaries": [
      {
        "epoch": 1,
        "loss": 2.270951211452484,
        "acc": 0.1640625,
        "time_s": 0.737335205078125
      }
    ]
  }
}